{"nodes":null,"selection":null,"view":{"scroll":{"x":-177.6614990234375,"y":-66.9956817626953125},"visible_rect":{"max":{"x":55.2923126220703125,"y":13.6255397796630859},"min":{"x":-22.2076873779296875,"y":-8.37446022033691406}},"zoom":8}}